{
  "Profiles" : [
    {
      "Ansi 3 Color" : {
        "Red Component" : 0.89803921568627454,
        "Color Space" : "sRGB",
        "Blue Component" : 0.56470588235294117,
        "Alpha Component" : 1,
        "Green Component" : 0.78431372549019607
      },
      "Tags" : [

      ],
      "Ansi 12 Color" : {
        "Red Component" : 0.4823529411764706,
        "Color Space" : "sRGB",
        "Blue Component" : 0.94117647058823528,
        "Alpha Component" : 1,
        "Green Component" : 0.61960784313725492
      },
      "Ansi 7 Color" : {
        "Red Component" : 0.6470588235294118,
        "Color Space" : "sRGB",
        "Blue Component" : 0.80784313725490198,
        "Alpha Component" : 1,
        "Green Component" : 0.67843137254901964
      },
      "Ansi 8 Color" : {
        "Red Component" : 0.3843137254901961,
        "Color Space" : "sRGB",
        "Blue Component" : 0.50196078431372548,
        "Alpha Component" : 1,
        "Green Component" : 0.40784313725490196
      },
      "Bold Color" : {
        "Red Component" : 0.77647058823529413,
        "Color Space" : "sRGB",
        "Blue Component" : 0.96078431372549022,
        "Alpha Component" : 1,
        "Green Component" : 0.81568627450980391
      },
      "Ansi 9 Color" : {
        "Red Component" : 0.90196078431372551,
        "Color Space" : "sRGB",
        "Blue Component" : 0.44705882352941179,
        "Alpha Component" : 1,
        "Green Component" : 0.44313725490196076
      },
      "Custom Directory" : "No",
      "Right Option Key Sends" : 0,
      "Rows" : 25,
      "Default Bookmark" : "No",
      "Cursor Guide Color" : {
        "Red Component" : 0.77647058823529413,
        "Color Space" : "sRGB",
        "Blue Component" : 0.96078431372549022,
        "Alpha Component" : 0.070000000000000007,
        "Green Component" : 0.81568627450980391
      },
      "Non-ASCII Anti Aliased" : true,
      "Use Bright Bold" : true,
      "Ansi 10 Color" : {
        "Red Component" : 0.55686274509803924,
        "Color Space" : "sRGB",
        "Blue Component" : 0.44705882352941179,
        "Alpha Component" : 1,
        "Green Component" : 0.7803921568627451
      },
      "Ambiguous Double Width" : false,
      "Jobs to Ignore" : [
        "rlogin",
        "ssh",
        "slogin",
        "telnet"
      ],
      "Ansi 15 Color" : {
        "Red Component" : 0.70980392156862748,
        "Color Space" : "sRGB",
        "Blue Component" : 0.88627450980392153,
        "Alpha Component" : 1,
        "Green Component" : 0.74901960784313726
      },
      "Foreground Color" : {
        "Red Component" : 0.77647058823529413,
        "Color Space" : "sRGB",
        "Blue Component" : 0.96078431372549022,
        "Alpha Component" : 1,
        "Green Component" : 0.81568627450980391
      },
      "Bound Hosts" : [

      ],
      "Working Directory" : "\/Users\/jarod",
      "Blinking Cursor" : false,
      "Disable Window Resizing" : false,
      "Sync Title" : false,
      "Prompt Before Closing 2" : false,
      "BM Growl" : true,
      "Command" : "tmux",
      "Description" : "Default",
      "Rewritable" : true,
      "Mouse Reporting" : true,
      "Screen" : -1,
      "Selection Color" : {
        "Red Component" : 0.3843137254901961,
        "Color Space" : "sRGB",
        "Blue Component" : 0.50196078431372548,
        "Alpha Component" : 1,
        "Green Component" : 0.40784313725490196
      },
      "Columns" : 80,
      "Idle Code" : 0,
      "Ansi 13 Color" : {
        "Red Component" : 0.94901960784313721,
        "Color Space" : "sRGB",
        "Blue Component" : 0.85882352941176465,
        "Alpha Component" : 1,
        "Green Component" : 0.64313725490196083
      },
      "Title Components" : 3,
      "Custom Command" : "Yes",
      "ASCII Anti Aliased" : true,
      "Non Ascii Font" : "Monaco 12",
      "Vertical Spacing" : 1,
      "Use Bold Font" : true,
      "Option Key Sends" : 0,
      "Selected Text Color" : {
        "Red Component" : 0.77647058823529413,
        "Color Space" : "sRGB",
        "Blue Component" : 0.96078431372549022,
        "Alpha Component" : 1,
        "Green Component" : 0.81568627450980391
      },
      "Background Color" : {
        "Red Component" : 0.13725490196078433,
        "Color Space" : "P3",
        "Blue Component" : 0.20392156862745098,
        "Alpha Component" : 1,
        "Green Component" : 0.14901960784313725
      },
      "Character Encoding" : 4,
      "Ansi 11 Color" : {
        "Red Component" : 0.85098039215686272,
        "Color Space" : "sRGB",
        "Blue Component" : 0.45098039215686275,
        "Alpha Component" : 1,
        "Green Component" : 0.72941176470588232
      },
      "Use Italic Font" : true,
      "Unlimited Scrollback" : true,
      "Keyboard Map" : {
        "0xf703-0x300000" : {
          "Action" : 11,
          "Text" : "0x5"
        },
        "0xf702-0x280000" : {
          "Action" : 10,
          "Text" : "b"
        },
        "0xf702-0x300000" : {
          "Action" : 11,
          "Text" : "0x1"
        },
        "0xf703-0x280000" : {
          "Action" : 10,
          "Text" : "f"
        },
        "0xf728-0x80000" : {
          "Action" : 10,
          "Text" : "d"
        },
        "0x7f-0x100000" : {
          "Action" : 11,
          "Text" : "0x15"
        },
        "0xf728-0x0" : {
          "Action" : 11,
          "Text" : "0x4"
        },
        "0x7f-0x80000" : {
          "Action" : 11,
          "Text" : "0x1b 0x7f"
        }
      },
      "Window Type" : 0,
      "Background Image Location" : "",
      "Blur" : false,
      "Badge Color" : {
        "Red Component" : 0.92929404973983765,
        "Color Space" : "P3",
        "Blue Component" : 0.13960540294647217,
        "Alpha Component" : 0.5,
        "Green Component" : 0.25479039549827576
      },
      "Allow Title Setting" : false,
      "Scrollback Lines" : 0,
      "Send Code When Idle" : false,
      "Close Sessions On End" : true,
      "Terminal Type" : "xterm-256color",
      "Visual Bell" : true,
      "Flashing Bell" : false,
      "Silence Bell" : false,
      "Ansi 14 Color" : {
        "Red Component" : 0.35294117647058826,
        "Color Space" : "sRGB",
        "Blue Component" : 0.70980392156862748,
        "Alpha Component" : 1,
        "Green Component" : 0.74901960784313726
      },
      "Name" : "JL",
      "Cursor Text Color" : {
        "Red Component" : 0.18823529411764706,
        "Color Space" : "sRGB",
        "Blue Component" : 0.27450980392156865,
        "Alpha Component" : 1,
        "Green Component" : 0.20392156862745098
      },
      "Match Background Color" : {
        "Red Component" : 0.99697142839431763,
        "Color Space" : "P3",
        "Blue Component" : 0.32116127014160156,
        "Alpha Component" : 1,
        "Green Component" : 0.98600882291793823
      },
      "Shortcut" : "",
      "Cursor Color" : {
        "Red Component" : 0.94901960784313721,
        "Color Space" : "sRGB",
        "Blue Component" : 0.81176470588235294,
        "Alpha Component" : 1,
        "Green Component" : 0.83529411764705885
      },
      "Transparency" : 0,
      "Guid" : "2420EF94-1A2F-4C11-A4CF-017DE4DE13B5",
      "Ansi 0 Color" : {
        "Red Component" : 0.31764705882352939,
        "Color Space" : "sRGB",
        "Blue Component" : 0.42745098039215684,
        "Alpha Component" : 1,
        "Green Component" : 0.3411764705882353
      },
      "Horizontal Spacing" : 1,
      "Ansi 4 Color" : {
        "Red Component" : 0.5490196078431373,
        "Color Space" : "sRGB",
        "Blue Component" : 0.93333333333333335,
        "Alpha Component" : 1,
        "Green Component" : 0.66666666666666663
      },
      "Ansi 5 Color" : {
        "Red Component" : 0.95686274509803926,
        "Color Space" : "sRGB",
        "Blue Component" : 0.89411764705882357,
        "Alpha Component" : 1,
        "Green Component" : 0.72156862745098038
      },